theta0,theta1
8499599.649889179,-21.448963591356573
