theta0,theta1
8499.599649890219,-0.021448963591364733
